,City,Country,Lat,Lng,Max Temp,Humidity,Cloudiness,Wind Speed,Current Description
0,Ancud,CL,-41.8697,-73.8203,55.99,94,90,16.11,moderate rain
1,Hobart,AU,-42.8794,147.3294,48.99,87,14,9.22,few clouds
2,Victoria,HK,22.2855,114.1577,77.0,86,100,1.74,overcast clouds
3,Mujiayingzi,CN,42.1167,118.7833,40.91,39,100,1.57,overcast clouds
4,Maniitsoq,GL,65.4167,-52.9,35.28,75,10,4.0,clear sky
5,Ushuaia,AR,-54.8,-68.3,41.0,81,75,0.98,light intensity drizzle
6,Albany,US,42.6001,-73.9662,53.01,71,100,5.01,overcast clouds
7,Haverfordwest,GB,51.8017,-4.9691,48.99,81,0,1.99,clear sky
8,Avera,US,33.194,-82.5271,80.6,41,1,12.66,clear sky
9,Butaritari,KI,3.0707,172.7902,82.35,73,100,10.42,overcast clouds
10,Asau,RO,46.4333,26.4,59.0,45,100,5.39,overcast clouds
11,Kapaa,US,22.0752,-159.319,75.2,73,75,13.8,broken clouds
12,Mar Del Plata,AR,-38.0023,-57.5575,71.01,60,0,12.66,clear sky
13,Carnarvon,AU,-24.8667,113.6333,66.2,59,83,11.5,broken clouds
14,Busselton,AU,-33.65,115.3333,51.01,98,84,1.01,broken clouds
15,San Juan,AR,-31.5375,-68.5364,78.53,28,83,3.53,broken clouds
16,Batticaloa,LK,7.7102,81.6924,80.37,82,99,7.31,overcast clouds
17,Hermanus,ZA,-34.4187,19.2345,57.99,70,0,8.01,clear sky
18,Lavrentiya,RU,65.5833,-171.0,19.76,82,33,3.98,scattered clouds
19,Ruthin,GB,53.1137,-3.3178,48.2,57,40,5.75,scattered clouds
20,Imphal,IN,24.8167,93.95,67.5,78,75,2.42,broken clouds
21,Tuktoyaktuk,CA,69.4541,-133.0374,17.6,79,20,9.22,few clouds
22,Ocampo,MX,21.65,-101.5,89.01,50,29,17.34,scattered clouds
23,Buraydah,SA,26.326,43.975,86.0,20,0,4.61,clear sky
24,Camana,PE,-16.6228,-72.7111,70.48,71,16,9.89,few clouds
25,Sussex,US,41.1834,-74.6663,64.4,34,75,17.27,broken clouds
26,Port Alfred,ZA,-33.5906,26.891,63.1,76,65,15.21,light rain
27,Muros,ES,42.7762,-9.0603,55.99,61,5,13.53,clear sky
28,Mataura,NZ,-46.1927,168.8643,41.0,92,76,1.99,broken clouds
29,Dingle,PH,10.9995,122.6711,75.81,70,100,5.06,light rain
30,Jamestown,US,42.097,-79.2353,46.0,65,90,24.16,overcast clouds
31,Bredasdorp,ZA,-34.5322,20.0403,51.8,76,0,3.44,clear sky
32,Souillac,MU,-20.5167,57.5167,78.8,78,40,14.97,scattered clouds
33,Chuy,UY,-33.6971,-53.4616,70.03,47,10,6.13,clear sky
34,Rikitea,PF,-23.1203,-134.9692,78.85,77,21,20.76,light rain
35,Vaini,TO,-21.2,-175.2,73.4,100,90,8.05,light rain
36,Samarai,PG,-10.6167,150.6667,79.59,78,100,8.03,overcast clouds
37,Upernavik,GL,72.7868,-56.1549,34.0,79,99,5.28,overcast clouds
38,Barrow,US,71.2906,-156.7887,19.4,93,90,3.65,overcast clouds
39,Aykhal,RU,66.0,111.5,26.74,98,100,4.74,light snow
40,Mount Isa,AU,-20.7333,139.5,64.4,52,0,5.75,clear sky
41,Cayenne,GF,4.9333,-52.3333,82.4,78,75,8.05,broken clouds
42,Nikolskoye,RU,59.7035,30.7861,42.8,36,0,2.24,clear sky
43,Nanortalik,GL,60.1432,-45.2371,42.01,64,10,5.73,clear sky
44,Castro,BR,-24.7911,-50.0119,66.94,52,3,7.94,clear sky
45,Sao Francisco,BR,-15.9486,-44.8644,81.03,50,100,6.42,overcast clouds
46,Kiblawan,PH,6.6142,125.2367,74.68,93,91,1.68,overcast clouds
47,Tuni,IN,17.35,82.55,80.1,79,11,4.21,few clouds
48,Vilhena,BR,-12.7406,-60.1458,82.4,57,40,10.36,scattered clouds
49,Avarua,CK,-21.2078,-159.775,77.0,88,75,4.61,light rain
50,Loralai,PK,30.3705,68.598,72.37,32,4,4.09,clear sky
51,Sao Filipe,CV,14.8961,-24.4956,71.78,79,74,10.33,broken clouds
52,Katima Mulilo,NA,-17.5,24.2667,68.86,70,23,4.05,few clouds
53,Lompoc,US,34.6391,-120.4579,71.01,82,40,11.5,mist
54,Esperance,AU,-33.8667,121.9,48.2,93,75,5.75,broken clouds
55,Lebu,CL,-37.6167,-73.65,57.92,83,100,20.24,light rain
56,Antofagasta,CL,-23.65,-70.4,71.01,68,0,12.66,clear sky
57,Khatanga,RU,71.9667,102.5,29.95,94,100,8.59,overcast clouds
58,Broome,US,42.2506,-75.833,53.01,57,90,24.16,overcast clouds
59,Kodiak,US,57.79,-152.4072,46.4,42,1,17.27,clear sky
60,Bahia Honda,CU,22.9036,-83.1592,84.33,57,71,4.85,light rain
61,Ixtapa,MX,20.7,-105.2,82.4,69,20,9.22,few clouds
62,Punta Arenas,CL,-53.15,-70.9167,42.8,93,90,8.05,light rain
63,Ribeira Grande,PT,38.5167,-28.7,62.6,67,75,6.91,broken clouds
64,Port Elizabeth,ZA,-33.918,25.5701,59.0,77,0,16.11,clear sky
65,Bluff,NZ,-46.6,168.3333,41.0,92,86,1.99,overcast clouds
66,Isangel,VU,-19.55,169.2667,76.41,79,100,14.94,overcast clouds
67,Lander,US,42.833,-108.7307,73.4,24,1,4.61,clear sky
68,Severnyy,RU,50.677,36.5532,60.8,51,0,6.71,clear sky
69,Jaumave,MX,23.4167,-99.3833,86.0,39,75,20.71,broken clouds
70,Karratha,AU,-20.7377,116.8463,80.56,46,14,7.56,few clouds
71,Hilo,US,19.7297,-155.09,80.6,61,20,5.75,few clouds
72,New Norfolk,AU,-42.7826,147.0587,48.99,87,11,3.02,few clouds
73,Longyearbyen,SJ,78.2186,15.6401,17.6,67,75,16.11,snow
74,Kananga,CD,-5.8958,22.4178,69.44,95,100,2.95,overcast clouds
75,Bengkulu,ID,-3.8004,102.2655,75.87,89,99,2.82,overcast clouds
76,Buncrana,IE,55.1333,-7.45,48.2,61,0,14.97,clear sky
77,Nabire,ID,-3.3667,135.4833,75.0,90,34,3.47,scattered clouds
78,Touros,BR,-5.1989,-35.4608,80.6,78,75,5.75,broken clouds
79,San Patricio,US,28.017,-97.5169,78.8,78,90,3.44,overcast clouds
80,Ginir,ET,7.1333,40.7,58.28,95,100,2.28,moderate rain
81,Pemangkat,ID,1.1667,108.9667,76.08,88,95,4.56,overcast clouds
82,Great Yarmouth,GB,52.6083,1.7305,44.6,81,59,2.91,broken clouds
83,Aljezur,PT,37.3191,-8.8033,58.14,62,0,16.89,clear sky
84,Tuatapere,NZ,-46.1333,167.6833,41.0,92,100,1.99,overcast clouds
85,Porto Santo,PT,33.072,-16.3415,64.4,59,40,13.8,scattered clouds
86,Katav-Ivanovsk,RU,54.7531,58.1956,36.34,72,22,4.97,few clouds
87,Kasempa,ZM,-13.4584,25.8338,64.47,95,91,6.13,light rain
88,Ponta Do Sol,PT,32.6667,-17.1,61.0,53,55,7.0,broken clouds
89,Vao,NC,-22.6667,167.4833,74.88,60,98,19.37,overcast clouds
90,Airai,TL,-8.9266,125.4092,57.43,86,100,2.73,overcast clouds
91,Muriwai Beach,NZ,-36.8167,174.45,57.99,90,100,11.3,overcast clouds
92,Oranjemund,NA,-28.55,16.4333,57.85,79,0,18.7,clear sky
93,Isla Mujeres,MX,21.2311,-86.731,87.8,62,75,18.41,broken clouds
94,Atuona,PF,-9.8,-139.0333,78.87,70,1,4.5,clear sky
95,Clyde River,CA,70.4692,-68.5914,24.8,100,75,3.44,broken clouds
96,Guerrero Negro,MX,27.9769,-114.0611,85.17,26,0,12.06,clear sky
97,Saint-Philippe,RE,-21.3585,55.7679,75.2,83,0,5.75,light rain
98,Eskisehir,TR,39.7767,30.5206,66.2,55,0,4.61,clear sky
99,Cockburn Town,TC,21.4612,-71.1419,82.4,61,40,11.5,scattered clouds
100,Porto De Moz,BR,-1.7483,-52.2383,78.91,91,100,3.38,overcast clouds
101,Whitehorse,CA,60.7161,-135.0538,46.4,42,75,6.22,broken clouds
102,Salalah,OM,17.0151,54.0924,82.4,78,40,4.61,scattered clouds
103,Banyo,CM,6.75,11.8167,74.28,68,100,4.59,overcast clouds
104,Hofn,IS,64.2539,-15.2082,33.8,93,90,4.61,light snow
105,Kruisfontein,ZA,-34.0033,24.7314,55.0,77,0,1.99,clear sky
106,Fairbanks,US,64.8378,-147.7164,35.6,69,90,5.75,snow
107,Cherskiy,RU,68.75,161.3,3.11,99,100,1.68,overcast clouds
108,Tasiilaq,GL,65.6145,-37.6368,32.0,86,20,9.22,few clouds
109,Lagoa,PT,39.05,-27.9833,58.21,63,100,4.94,overcast clouds
110,Meulaboh,ID,4.1363,96.1285,77.47,88,40,3.83,scattered clouds
111,College,US,64.8569,-147.8028,34.0,69,90,5.75,snow
112,Itatskiy,RU,56.07,89.0369,37.45,84,25,7.05,scattered clouds
113,Vetovo,BG,43.7,26.2667,66.0,63,97,6.31,overcast clouds
114,Shache,CN,38.4167,77.2406,71.4,12,0,8.48,clear sky
115,Springfield,US,37.2153,-93.2982,78.01,31,1,6.91,clear sky
116,Blythe,US,33.6103,-114.5964,97.0,9,1,3.44,clear sky
117,Yei,SS,4.095,30.6779,70.84,86,100,3.67,light rain
118,Sorong,ID,-0.8833,131.25,78.44,84,83,3.71,broken clouds
119,Benghazi,LY,32.1167,20.0667,82.2,28,8,3.58,clear sky
120,Ponta Delgada,PT,37.7333,-25.6667,60.8,63,40,11.5,scattered clouds
121,Hami,CN,42.8,93.45,72.27,13,0,1.32,clear sky
122,Kapoeta,SS,4.7717,33.5903,75.45,74,82,1.68,light rain
123,Ossora,RU,59.2353,163.0719,29.12,92,67,3.94,broken clouds
124,Marzuq,YE,14.4,46.4667,77.47,55,100,4.07,overcast clouds
125,San Quintin,MX,30.4833,-115.95,76.28,43,0,13.53,clear sky
126,Praia Da Vitoria,PT,38.7333,-27.0667,62.01,59,40,1.97,scattered clouds
127,Lasa,IT,46.6166,10.7002,66.2,76,40,5.75,scattered clouds
128,Sawakin,SD,19.1059,37.3321,85.5,62,98,8.3,overcast clouds
129,Whitianga,NZ,-36.8333,175.7,57.61,84,84,6.24,broken clouds
130,Nelson Bay,AU,-32.7167,152.15,61.0,100,75,6.6,mist
131,Brza Palanka,RS,44.4709,22.444,59.0,70,49,1.99,light rain
132,Alofi,NU,-19.0595,-169.9187,73.4,94,100,4.68,overcast clouds
133,Fort Dodge,US,42.4975,-94.168,69.8,19,1,3.44,clear sky
134,Cidreira,BR,-30.1811,-50.2056,70.5,66,0,14.47,clear sky
135,Srinivaspur,IN,13.3333,78.2167,75.2,69,20,10.85,few clouds
136,Pangnirtung,CA,66.1451,-65.7125,33.8,86,75,2.3,broken clouds
137,Padang,ID,-0.9492,100.3543,78.04,86,97,3.56,overcast clouds
138,Mahebourg,MU,-20.4081,57.7,78.8,78,40,14.97,light rain
139,Marystown,CA,47.1666,-55.1483,42.66,74,100,13.0,overcast clouds
140,Lendinara,IT,45.0843,11.5997,64.0,78,77,3.38,broken clouds
141,Juneau,US,58.3019,-134.4197,44.6,81,90,16.11,light rain
142,Annamalainagar,IN,11.4,79.7333,83.46,77,95,6.08,overcast clouds
143,Vestmannaeyjar,IS,63.4427,-20.2734,44.6,57,75,13.8,haze
144,Mashhad,IR,36.297,59.6062,64.4,72,75,4.61,broken clouds
145,Hamilton,US,39.1834,-84.5333,70.0,30,40,33.38,scattered clouds
146,Shingu,JP,33.7333,135.9833,51.82,63,2,5.37,clear sky
147,Korla,CN,41.7597,86.1469,72.37,18,0,2.37,clear sky
148,Nanchong,CN,30.7951,106.0847,73.06,63,0,1.88,light rain
149,Gujar Khan,PK,33.2558,73.3026,76.12,44,100,8.21,overcast clouds
150,Pisco,PE,-13.7,-76.2167,71.6,68,0,6.91,clear sky
151,Xiongyue,CN,40.1774,122.1228,46.36,71,100,4.68,overcast clouds
152,Quime,BO,-16.9833,-67.2167,56.44,63,88,6.24,overcast clouds
153,Georgetown,MY,5.4112,100.3354,77.0,94,40,1.14,light rain
154,Bambous Virieux,MU,-20.3428,57.7575,78.8,78,40,14.97,light rain
155,Herouville-Saint-Clair,FR,49.2109,-0.3065,48.2,66,0,5.75,clear sky
156,Hervey Bay,AU,-25.2986,152.8535,64.99,94,100,4.0,light rain
157,Luena,AO,-11.7833,19.9167,64.04,90,99,3.22,overcast clouds
158,Lorengau,PG,-2.0226,147.2712,79.86,79,99,3.24,overcast clouds
159,Margate,GB,51.3813,1.3862,46.99,60,27,1.01,scattered clouds
160,Bethel,US,41.3712,-73.414,63.0,42,75,12.66,broken clouds
161,Tiksi,RU,71.6872,128.8694,30.13,80,100,2.44,overcast clouds
162,Tura,IN,25.5198,90.2201,75.83,42,84,3.47,broken clouds
163,Qaqortoq,GL,60.7167,-46.0333,57.2,24,40,28.77,scattered clouds
164,Ambilobe,MG,-13.2,49.05,74.37,94,5,2.62,clear sky
165,Pevek,RU,69.7008,170.3133,14.59,92,100,11.12,overcast clouds
166,Torbay,CA,47.6666,-52.7314,48.0,66,75,16.11,broken clouds
167,East London,ZA,-33.0153,27.9116,57.2,82,0,6.91,clear sky
168,Grindavik,IS,63.8424,-22.4338,39.2,65,40,21.85,scattered clouds
169,Yellowknife,CA,62.456,-114.3525,33.01,93,90,11.5,snow
170,Arraial Do Cabo,BR,-22.9661,-42.0278,77.0,69,20,5.75,few clouds
171,Richards Bay,ZA,-28.783,32.0377,65.46,86,100,13.13,light rain
172,Qaanaaq,GL,77.484,-69.3632,33.13,67,90,6.26,overcast clouds
173,Ust-Ilimsk,RU,58.0006,102.6619,36.01,90,100,9.82,overcast clouds
174,Russell,US,32.3502,-85.1999,80.6,36,1,11.5,clear sky
175,Tigil,RU,57.8,158.6667,33.84,88,100,2.98,overcast clouds
176,Pitimbu,BR,-7.4706,-34.8086,82.4,74,20,14.97,few clouds
177,Kaitangata,NZ,-46.2817,169.8464,44.01,82,71,4.0,broken clouds
178,Diourbel,SN,14.6628,-16.3925,100.4,23,0,6.91,clear sky
179,Ryotsu,JP,38.0833,138.4333,52.84,88,96,7.99,overcast clouds
180,Saldanha,ZA,-33.0117,17.9442,57.2,67,0,11.5,clear sky
181,Fortuna,US,40.5982,-124.1573,64.99,82,1,13.8,clear sky
182,Mackenzie,CA,55.2999,-123.1698,48.2,76,90,12.66,overcast clouds
183,Chokurdakh,RU,70.6333,147.9167,-0.29,95,16,3.98,few clouds
184,Scarborough,GB,54.2797,-0.4044,44.01,85,17,1.99,few clouds
185,Punta De Bombon,PE,-17.1717,-71.7931,69.48,71,39,9.82,scattered clouds
186,Faanui,PF,-16.4833,-151.75,79.48,76,100,3.11,overcast clouds
187,Caravelas,BR,-17.7125,-39.2481,74.08,83,96,12.53,overcast clouds
188,Norman Wells,CA,65.282,-126.8329,39.2,52,20,3.44,few clouds
189,Severo-Kurilsk,RU,50.6789,156.125,34.97,93,100,19.13,overcast clouds
190,Oktyabrskoye,RU,43.0645,44.7417,60.8,77,75,2.24,broken clouds
191,Kisangani,CD,0.5167,25.2,71.28,97,100,1.34,overcast clouds
192,Kavieng,PG,-2.5744,150.7967,81.55,76,52,5.3,broken clouds
193,Kununurra,AU,-15.7667,128.7333,62.6,100,0,5.01,clear sky
194,Pingzhuang,CN,42.0372,119.2889,43.75,35,100,3.38,overcast clouds
195,Zhigansk,RU,66.7697,123.3711,31.17,83,100,1.83,overcast clouds
196,Geraldton,AU,-28.7667,114.6,51.8,71,96,8.05,overcast clouds
197,Kaeo,NZ,-35.1,173.7833,55.0,95,43,4.03,scattered clouds
198,Swift Current,CA,50.2834,-107.8014,71.6,23,1,20.71,clear sky
199,Gazanjyk,TM,39.2446,55.5154,74.61,43,67,9.28,broken clouds
200,Kalamazoo,US,42.2506,-85.55,55.4,38,20,10.36,few clouds
201,Canico,PT,32.6333,-16.85,64.4,59,40,8.05,scattered clouds
202,Weston,US,26.1004,-80.3998,93.0,49,4,11.1,clear sky
203,Dawlatabad,AF,36.4141,64.9053,73.76,47,12,3.2,few clouds
204,Krasnyy Kut,RU,50.95,46.9667,54.16,58,100,5.68,overcast clouds
205,Codrington,AU,-38.2667,141.9667,57.7,45,100,9.46,overcast clouds
206,Ahipara,NZ,-35.1667,173.1667,60.48,77,74,9.28,broken clouds
207,Honningsvag,NO,70.9821,25.9704,30.2,80,90,36.82,snow
208,Vostok,RU,46.4856,135.8833,31.53,86,1,1.36,clear sky
209,Quepos,CR,9.4236,-84.1652,80.6,54,40,12.66,scattered clouds
210,Kaka,TM,37.3482,59.6143,73.71,50,100,2.21,overcast clouds
211,Namatanai,PG,-3.6667,152.4333,78.44,80,24,3.44,few clouds
212,Varzob,TJ,38.7737,68.8178,68.0,68,75,4.47,haze
213,Cruzilia,BR,-21.8386,-44.8083,68.9,57,51,3.69,broken clouds
214,Longido,TZ,-2.7333,36.6833,67.64,80,76,7.16,broken clouds
215,Honiara,SB,-9.4333,159.95,76.17,82,97,4.99,overcast clouds
216,Puerto Ayora,EC,-0.7393,-90.3518,82.4,69,40,13.8,scattered clouds
217,Foz,ES,43.5692,-7.2544,54.0,81,35,7.0,scattered clouds
218,Beloha,MG,-25.1667,45.05,71.62,73,15,6.04,few clouds
219,Kargasok,RU,59.0556,80.8572,38.86,84,9,11.61,clear sky
220,Puerto Escondido,MX,15.85,-97.0667,86.0,70,40,8.05,scattered clouds
221,Miandoab,IR,36.9694,46.1027,64.4,42,40,11.5,scattered clouds
222,Jalu,LY,29.0331,21.5482,91.4,10,0,10.6,clear sky
223,Embonas,GR,36.2269,27.8564,71.6,78,0,8.05,clear sky
224,Porto Novo,BJ,6.4965,2.6036,86.0,79,40,13.8,scattered clouds
225,Luderitz,NA,-26.6481,15.1594,66.18,39,0,18.92,clear sky
226,Itarema,BR,-2.9248,-39.9167,81.68,76,58,10.96,broken clouds
227,Piacabucu,BR,-10.4056,-36.4344,80.76,75,15,11.25,few clouds
228,Mabaruma,GY,8.2,-59.7833,86.13,57,100,7.11,overcast clouds
229,Sitka,US,57.0531,-135.33,46.4,87,90,4.61,light rain
230,Kieta,PG,-6.2167,155.6333,78.12,81,58,1.03,broken clouds
231,Nishihara,JP,26.1842,127.7558,71.6,83,75,8.05,broken clouds
232,Faya,SA,18.3851,42.4509,69.8,77,40,9.22,scattered clouds
233,Kiruna,SE,67.8557,20.2251,23.0,68,100,11.5,light snow
234,Shimoda,JP,34.6667,138.95,57.99,83,0,14.34,clear sky
235,Matara,LK,5.9485,80.5353,77.77,88,100,3.0,overcast clouds
236,Dalbandin,PK,28.8947,64.4101,78.98,31,61,7.31,broken clouds
237,Roald,NO,62.5833,6.1333,41.0,70,75,12.66,broken clouds
238,Olafsvik,IS,64.8945,-23.7142,36.41,64,67,27.6,broken clouds
239,Saint-Francois,FR,46.4154,3.9054,50.0,71,75,8.05,broken clouds
240,Syracuse,IT,37.0881,15.2792,73.4,100,0,3.44,clear sky
241,Dikson,RU,73.5069,80.5464,4.59,96,90,9.26,overcast clouds
242,Acari,PE,-15.4311,-74.6158,78.3,54,15,10.47,few clouds
243,Hasaki,JP,35.7333,140.8333,50.0,100,20,3.44,few clouds
244,Te Anau,NZ,-45.4167,167.7167,38.79,94,89,1.32,overcast clouds
245,Klaksvik,FO,62.2266,-6.589,37.4,70,75,8.05,broken clouds
246,Kayerkan,RU,69.3497,87.7602,17.55,91,37,3.33,scattered clouds
247,Hithadhoo,MV,-0.6,73.0833,84.09,73,95,7.9,overcast clouds
248,Stabat,ID,3.761,98.4513,77.0,94,40,2.3,scattered clouds
249,Saint Simons,US,31.1352,-81.3901,89.6,43,20,8.05,few clouds
250,Ugoofaaru,MV,5.6667,73.0,83.71,73,61,5.01,broken clouds
251,Saint Pete Beach,US,27.7253,-82.7412,82.99,54,1,9.22,clear sky
252,Saratoga Springs,US,43.0831,-73.7846,50.0,83,100,11.01,overcast clouds
253,Seoul,KR,37.5683,126.9778,50.0,87,90,5.75,light rain
254,Lianzhou,CN,24.7811,112.3825,65.77,79,100,1.16,overcast clouds
255,Saskylakh,RU,71.9167,114.0833,31.24,87,100,9.95,overcast clouds
256,Luau,AO,-10.7073,22.2247,66.31,93,100,4.9,light rain
257,Dunedin,NZ,-45.8742,170.5036,46.0,77,77,5.77,broken clouds
258,Palana,RU,59.1167,159.9667,29.3,91,100,6.62,overcast clouds
259,San Cristobal,VE,7.7669,-72.225,71.6,100,75,12.66,broken clouds
260,Samana,DO,19.2056,-69.3369,89.6,62,40,13.8,scattered clouds
261,Askiz,RU,53.1319,90.5264,43.65,82,100,3.31,overcast clouds
262,Vila Velha,BR,-20.3297,-40.2925,78.01,69,20,13.8,few clouds
263,Tungor,RU,53.3808,142.9564,30.13,89,100,6.78,overcast clouds
264,Saint-Leu,RE,-21.15,55.2833,75.2,83,0,6.91,clear sky
265,Sedan,FR,49.6667,5.0,48.0,69,95,5.06,overcast clouds
266,Andrews,US,32.3187,-102.5457,64.4,52,40,12.66,scattered clouds
267,Zapolyarnyy,RU,69.4154,30.8136,24.8,68,20,14.97,few clouds
268,Payson,US,40.0444,-111.7321,75.0,32,1,6.91,clear sky
269,Skvyra,UA,49.7318,29.6657,55.11,91,100,10.09,overcast clouds
270,Ternate,ID,0.8,127.4,80.46,77,83,1.95,broken clouds
271,Yinchuan,CN,38.4681,106.2731,60.19,24,4,3.42,clear sky
272,Milkovo,RU,54.7167,158.6167,32.45,89,76,3.18,broken clouds
273,Effingham,US,32.3669,-81.3332,87.8,35,75,14.97,broken clouds
274,Bandarbeyla,SO,9.4942,50.8122,84.18,73,27,8.61,scattered clouds
275,Middelburg,ZA,-25.7751,29.4648,55.8,77,97,2.8,light rain
276,Grasse,FR,43.6667,6.9167,57.2,94,0,1.14,clear sky
277,Cape Town,ZA,-33.9258,18.4232,59.0,67,0,12.66,clear sky
278,Chitral,PK,35.8462,71.7858,60.94,48,1,2.3,clear sky
279,Kabanjahe,ID,3.1001,98.4908,77.0,94,40,2.3,scattered clouds
280,Gua Musang,MY,4.8823,101.9644,73.54,99,98,1.88,overcast clouds
281,Trancoso,MX,22.7333,-102.3667,73.4,27,40,28.77,scattered clouds
282,Turukhansk,RU,65.8167,87.9833,35.22,77,100,16.13,overcast clouds
283,Myitkyina,MM,25.3833,97.4,70.57,85,100,1.19,overcast clouds
284,Makokou,GA,0.5738,12.8642,72.81,95,100,2.51,overcast clouds
285,Narsaq,GL,60.9167,-46.05,57.2,24,40,28.77,scattered clouds
286,Nyimba,ZM,-14.5566,30.8149,72.19,71,44,4.18,scattered clouds
287,Sibolga,ID,1.7427,98.7792,76.82,86,100,3.31,overcast clouds
288,Pangody,RU,65.85,74.4859,28.47,93,100,13.53,overcast clouds
289,Bubaque,GW,11.2833,-15.8333,78.82,71,8,20.94,clear sky
290,Katsuura,JP,35.1333,140.3,60.8,82,20,9.22,few clouds
291,Lata,PT,40.1629,-8.3327,60.01,67,2,5.99,clear sky
292,Odweyne,SO,9.4092,45.064,76.84,60,96,2.77,light rain
293,Pandaria,IN,22.2333,81.4167,83.62,19,35,5.48,scattered clouds
294,Bukachacha,RU,52.9833,116.9167,30.33,81,2,3.06,clear sky
295,Naze,JP,28.3667,129.4833,66.49,80,100,15.55,overcast clouds
296,Natal,BR,-5.795,-35.2094,80.6,78,75,5.75,broken clouds
297,Joao Pinheiro,BR,-17.7425,-46.1725,75.11,60,100,9.44,overcast clouds
298,Altamont,US,42.2068,-121.7372,72.0,32,1,4.61,clear sky
299,Henties Bay,NA,-22.116,14.2845,59.0,88,0,5.75,clear sky
300,Talnakh,RU,69.4865,88.3972,17.49,81,13,2.86,few clouds
301,Port Blair,IN,11.6667,92.75,81.61,74,100,1.59,overcast clouds
302,Deputatskiy,RU,69.3,139.9,17.38,97,98,0.98,overcast clouds
303,Bangui,CF,4.3612,18.555,82.4,74,0,3.44,clear sky
304,Gresham,US,45.4982,-122.4315,66.2,52,90,5.75,overcast clouds
305,South Lake Tahoe,US,38.9332,-119.9844,79.0,42,1,5.75,clear sky
306,Komsomolskiy,UZ,40.4272,71.7189,75.2,29,100,3.36,overcast clouds
307,Omboue,GA,-1.5746,9.2618,79.29,85,100,5.41,overcast clouds
308,Nemuro,JP,43.3236,145.575,37.63,79,55,24.74,broken clouds
309,Mazyr,BY,52.0495,29.2456,52.43,92,100,4.32,overcast clouds
310,Lazaro Cardenas,MX,17.9583,-102.2,84.45,58,14,10.87,few clouds
311,Hualmay,PE,-11.0964,-77.6139,72.07,72,12,9.08,few clouds
312,Nuuk,GL,64.1835,-51.7216,33.8,100,20,6.91,few clouds
313,Port-Gentil,GA,-0.7193,8.7815,82.4,83,20,3.44,few clouds
314,Ilulissat,GL,69.2167,-51.1,39.2,56,20,3.44,few clouds
315,Ibra,OM,22.6906,58.5334,78.94,31,27,5.75,scattered clouds
316,Olinda,BR,-8.0089,-34.8553,78.8,69,40,10.36,scattered clouds
317,Goderich,CA,43.7501,-81.7165,41.0,60,8,24.16,clear sky
318,Ketchikan,US,55.3422,-131.6461,46.4,87,90,9.22,moderate rain
319,Botou,CN,38.0667,116.5667,43.25,74,0,8.84,clear sky
320,Sao Joao Da Barra,BR,-21.6403,-41.0511,77.0,57,20,13.8,few clouds
321,Yerbogachen,RU,61.2767,108.0108,31.8,92,100,6.35,overcast clouds
322,Husavik,IS,66.0449,-17.3389,33.8,93,90,13.8,light snow
323,Stromness,GB,58.965,-3.296,42.8,70,20,5.75,few clouds
324,Tumut,AU,-35.3,148.2167,51.8,82,0,6.91,clear sky
325,Kupang,ID,-10.1667,123.5833,76.5,84,95,5.86,overcast clouds
326,Kilemary,RU,56.7783,46.8659,51.73,57,100,17.56,light rain
327,Sabha,LY,27.0377,14.4283,90.59,5,0,9.33,clear sky
328,Katangli,RU,51.7102,143.2326,30.96,94,100,8.37,overcast clouds
329,Ust-Nera,RU,64.5667,143.2,26.91,95,98,2.19,overcast clouds
330,Eyl,SO,7.9803,49.8164,84.04,71,36,9.19,scattered clouds
331,Port Hardy,CA,50.6996,-127.4199,55.4,71,75,14.97,light rain
332,Luba,GQ,3.4568,8.5547,80.6,89,40,5.75,scattered clouds
333,Broager,DK,54.8874,9.681,48.2,81,75,5.75,broken clouds
334,Boyolangu,ID,-8.1181,111.8935,74.66,92,100,1.05,overcast clouds
335,Coquimbo,CL,-29.9533,-71.3436,62.6,67,0,13.8,clear sky
336,Kaoma,ZM,-14.7833,24.8,64.49,94,100,3.11,light rain
337,Srednekolymsk,RU,67.45,153.6833,10.9,93,43,7.7,scattered clouds
338,San Luis,AR,-33.295,-66.3356,74.08,29,74,8.3,broken clouds
339,Baoqing,CN,46.3317,132.2111,41.92,68,20,6.53,few clouds
340,Tatui,BR,-23.3556,-47.8569,75.99,41,95,5.01,overcast clouds
341,Daru,PG,-9.0763,143.2092,77.67,84,67,9.42,broken clouds
342,Chicama,PE,-7.8447,-79.1469,66.2,82,15,11.5,few clouds
343,Saint-Augustin,CA,51.226,-58.6502,42.75,77,99,7.92,overcast clouds
344,Los Llanos De Aridane,ES,28.6585,-17.9182,68.0,64,40,16.11,scattered clouds
345,Solnechnyy,RU,50.7214,136.6319,30.36,88,98,6.53,overcast clouds
346,Barcelos,PT,41.5388,-8.6151,57.99,62,20,18.41,few clouds
347,Palasa,IN,18.7667,84.4167,76.6,76,0,6.46,clear sky
348,Freeport,US,40.6576,-73.5832,63.0,59,75,21.85,broken clouds
349,Araouane,ML,18.9048,-3.5265,91.87,26,100,5.73,overcast clouds
350,Chuguyevka,RU,44.1653,133.8633,39.27,89,100,2.48,overcast clouds
351,Biltine,TD,14.5333,20.9167,91.58,9,49,7.87,scattered clouds
352,Vila Franca Do Campo,PT,37.7167,-25.4333,60.8,63,40,11.5,scattered clouds
353,Giyani,ZA,-23.3025,30.7187,69.33,53,1,3.44,clear sky
354,Khartoum,SD,15.5518,32.5324,93.99,24,99,8.88,overcast clouds
355,Urumqi,CN,43.801,87.6005,75.2,15,0,13.42,clear sky
356,Yulara,AU,-25.2406,130.9889,53.6,40,83,6.91,broken clouds
357,Thompson,CA,55.7435,-97.8558,41.0,36,75,4.61,broken clouds
358,Ludvika,SE,60.1496,15.1878,45.0,42,90,5.75,overcast clouds
359,Cameta,BR,-2.2444,-49.4958,83.95,67,51,4.68,broken clouds
360,Kosmynino,RU,57.5818,40.7643,48.2,93,90,8.95,heavy intensity rain
361,Half Moon Bay,US,37.4636,-122.4286,71.01,82,75,9.22,haze
362,Palauig,PH,15.435,119.9045,79.61,79,5,3.65,clear sky
363,Sangar,RU,63.9242,127.4739,24.75,94,100,1.86,overcast clouds
364,Buchanan,LR,5.8808,-10.0467,78.8,94,75,4.61,light rain
365,Mubarakpur,IN,26.09,83.2922,86.41,30,0,7.36,clear sky
366,Progreso,MX,21.2833,-89.6667,98.01,31,75,13.8,broken clouds
367,Mapiripan,CO,2.8892,-72.1256,78.51,85,83,6.76,light rain
368,Plettenberg Bay,ZA,-34.0527,23.3716,56.71,76,0,5.39,clear sky
369,Bonthe,SL,7.5264,-12.505,82.51,72,12,10.65,few clouds
370,Port Shepstone,ZA,-30.7414,30.455,63.36,76,100,17.02,overcast clouds
371,Bulaevo,KZ,54.9056,70.4439,44.04,57,100,13.94,light rain
372,Sakaiminato,JP,35.55,133.2333,51.8,87,75,5.75,moderate rain
373,Portland,US,45.5234,-122.6762,66.2,52,75,5.75,broken clouds
374,Finschhafen,PG,-6.6024,147.8681,78.6,81,64,5.46,broken clouds
375,Kalmunai,LK,7.4167,81.8167,80.13,83,100,8.3,overcast clouds
376,Tikrit,IQ,34.6071,43.6782,85.77,19,2,8.05,clear sky
377,Iqaluit,CA,63.7506,-68.5145,35.6,80,75,11.5,broken clouds
378,Lodhran,PK,29.5405,71.6336,88.83,23,66,17.65,broken clouds
379,Mackay,AU,-21.15,149.2,66.2,94,23,8.05,few clouds
380,The Valley,AI,18.217,-63.0578,86.0,61,20,14.97,few clouds
381,Biscarrosse,FR,44.3945,-1.1672,55.4,71,0,5.75,clear sky
382,Vestmanna,FO,62.1564,-7.1664,37.4,70,75,8.05,broken clouds
383,Bathsheba,BB,13.2167,-59.5167,82.4,57,75,18.41,broken clouds
384,Murchison,NZ,-41.8,172.3333,43.21,97,23,1.05,few clouds
385,Campechuela,CU,20.2342,-77.2789,87.48,49,9,14.09,clear sky
386,Maymyo,MM,22.0333,96.4667,65.7,90,4,1.86,clear sky
387,Marsabit,KE,2.3284,37.9899,71.33,57,67,9.84,broken clouds
388,Clarksburg,US,39.2807,-80.3445,62.6,42,40,16.11,scattered clouds
389,Saint George,US,37.1041,-113.5841,87.01,15,1,8.05,clear sky
390,Sokoni,TZ,-6.4333,39.55,80.6,89,75,10.36,broken clouds
391,Santa Isabel Do Rio Negro,BR,-0.4139,-65.0192,84.69,65,68,2.75,broken clouds
392,Duma,CN,34.7653,108.135,59.0,58,0,2.24,clear sky
393,Sasovo,RU,54.3537,41.9199,52.2,67,100,19.53,overcast clouds
394,Siva,EG,29.2041,25.5195,91.51,11,0,9.6,clear sky
395,Yar-Sale,RU,66.8333,70.8333,26.24,94,100,12.8,overcast clouds
396,Tarn Taran,IN,31.45,74.9253,86.0,37,75,6.91,haze
397,Novoagansk,RU,61.9449,76.6625,33.04,97,100,14.07,light snow
398,Kayseri,TR,38.737,35.4968,55.4,71,75,3.44,broken clouds
399,Camocim,BR,-2.9022,-40.8411,80.92,81,87,7.25,overcast clouds
400,Liuhe,CN,42.2401,125.7172,38.34,68,100,2.93,overcast clouds
401,Yalutorovsk,RU,56.6536,66.3006,37.6,45,6,7.99,clear sky
402,Wajima,JP,37.4,136.9,54.12,85,89,19.37,overcast clouds
403,Parangan,PH,5.0839,119.9383,82.33,72,100,4.74,overcast clouds
404,Bilibino,RU,68.0546,166.4372,4.01,92,31,1.3,scattered clouds
405,La Ronge,CA,55.1001,-105.2842,42.8,61,100,10.36,overcast clouds
406,Brae,GB,60.3964,-1.353,39.2,87,40,6.91,scattered clouds
407,Marau,BR,-28.4492,-52.2,72.52,35,0,6.55,clear sky
408,Carutapera,BR,-1.195,-46.02,75.31,93,100,1.32,overcast clouds
409,Soyo,AO,-6.1349,12.3689,79.43,86,54,5.41,broken clouds
410,Shubarkuduk,KZ,49.1447,56.4872,51.17,43,8,7.18,clear sky
411,Koosa,EE,58.5255,27.0795,41.0,45,0,3.44,clear sky
412,Elizabeth City,US,36.2946,-76.2511,78.01,31,20,20.71,few clouds
413,Vilyuysk,RU,63.7553,121.6247,29.61,96,100,5.39,overcast clouds
414,Kafue,ZM,-15.7691,28.1814,69.89,70,39,4.0,scattered clouds
415,Maturin,VE,9.75,-63.1767,82.74,61,100,5.35,overcast clouds
416,Godfrey,US,38.9556,-90.1868,78.8,38,1,14.97,clear sky
417,Beyneu,KZ,45.3167,55.2,63.91,21,100,11.18,overcast clouds
418,Guacui,BR,-20.7756,-41.6794,66.34,78,97,5.23,overcast clouds
419,Kavaratti,IN,10.5669,72.642,84.6,73,30,7.67,scattered clouds
420,Sampit,ID,-2.5333,112.95,74.41,96,100,0.85,heavy intensity rain
421,Pastavy,BY,55.1168,26.8326,41.9,87,59,11.05,broken clouds
422,Adrar,MR,20.5022,-10.0711,85.68,28,80,6.11,broken clouds
423,Trairi,BR,-3.2778,-39.2689,82.47,77,18,11.18,few clouds
424,Springdale,US,36.1867,-94.1288,78.01,38,1,1.39,clear sky
425,Grand Gaube,MU,-20.0064,57.6608,78.01,82,6,5.99,clear sky
426,Sur,OM,22.5667,59.5289,84.87,43,84,7.94,broken clouds
427,Riachao Das Neves,BR,-11.7461,-44.91,81.97,59,100,2.75,overcast clouds
428,Asyut,EG,27.181,31.1837,96.8,12,0,9.22,clear sky
429,Sharjah,AE,25.3573,55.4033,84.99,61,0,3.44,clear sky
430,Raga,SS,8.4596,25.678,79.05,51,27,3.4,scattered clouds
431,Paso De Carrasco,UY,-34.8603,-56.0522,73.4,43,0,5.75,clear sky
432,Dabakala,CI,8.3667,-4.4333,86.47,48,51,1.23,broken clouds
433,Manokwari,ID,-0.8667,134.0833,77.83,79,87,5.14,overcast clouds
434,Inta,RU,66.0317,60.1659,29.39,72,34,10.42,scattered clouds
435,Ikere,NG,7.4913,5.2322,74.86,91,100,4.12,moderate rain
436,Jibuti,DJ,11.5,42.5,77.7,61,100,4.5,overcast clouds
437,Sept-Iles,CA,50.2001,-66.3821,48.2,71,100,8.05,overcast clouds
438,Severodvinsk,RU,64.5635,39.8302,33.8,86,40,2.24,scattered clouds
439,Prudentopolis,BR,-25.2131,-50.9778,73.35,39,0,4.83,clear sky
440,Hambantota,LK,6.1241,81.1185,77.0,100,20,2.3,few clouds
441,Porosozero,RU,62.7191,32.727,31.44,82,100,4.68,overcast clouds
442,Mezen,RU,65.8522,44.24,32.18,89,100,4.92,overcast clouds
443,Labuhan,ID,-6.8844,112.2051,78.6,87,98,6.38,overcast clouds
444,Puyo,EC,-1.4667,-77.9833,64.4,100,90,2.3,moderate rain
445,Quelimane,MZ,-17.8786,36.8883,80.6,89,0,6.91,clear sky
446,Anadyr,RU,64.75,177.4833,14.0,79,100,8.95,light snow
447,Byron Bay,AU,-28.65,153.6167,62.6,100,90,5.75,light rain
448,Ilam,NP,26.9167,87.9167,67.33,50,100,6.64,overcast clouds
449,Gull Lake,CA,50.1001,-108.4847,73.4,23,1,19.57,clear sky
450,Svetlyy,RU,54.675,20.1347,41.0,81,40,11.18,scattered clouds
451,Galveston,US,29.3669,-94.9669,73.4,88,75,20.71,broken clouds
452,Marsh Harbour,BS,26.5412,-77.0636,79.65,64,6,11.05,clear sky
453,Athabasca,CA,54.7169,-113.2854,66.2,26,0,23.02,clear sky
454,Porto Belo,BR,-27.1578,-48.5531,75.2,57,20,6.91,few clouds
455,Sarangani,PH,5.4033,125.4636,82.78,77,95,16.64,overcast clouds
456,Sibu,MY,2.3,111.8167,75.2,100,40,3.44,scattered clouds
457,Palmer,US,42.1584,-72.3287,63.0,48,75,25.32,broken clouds
458,Oromocto,CA,45.8351,-66.4792,42.8,81,90,20.71,moderate rain
459,Gannan,CN,47.9147,123.5031,43.2,68,100,6.33,overcast clouds
460,Xai-Xai,MZ,-25.0519,33.6442,74.84,78,100,13.76,light rain
461,Dicabisagan,PH,17.0818,122.4157,75.31,82,20,2.57,few clouds
462,Lengshuijiang,CN,27.6881,111.4294,67.46,70,100,2.28,overcast clouds
463,Paso De Los Toros,UY,-32.8167,-56.5167,73.4,46,0,10.36,clear sky
464,Bintulu,MY,3.1667,113.0333,75.2,100,40,4.61,light rain
465,Yaan,NG,7.3833,8.5667,88.3,51,89,10.63,overcast clouds
466,Locri,IT,38.2414,16.2623,64.99,94,20,5.75,few clouds
467,Japura,ID,-0.3167,102.35,71.31,96,100,2.26,overcast clouds
468,Fare,PF,-16.7,-151.0167,80.47,70,100,3.29,overcast clouds
469,Krasnoselkup,RU,65.7,82.4667,33.62,95,100,14.47,overcast clouds
470,Ola,RU,59.5833,151.2833,30.33,86,100,2.33,overcast clouds
471,Waddan,LY,29.1614,16.139,93.45,7,0,14.5,clear sky
472,Lydenburg,ZA,-25.0978,30.4597,48.0,95,94,1.16,light rain
473,Vokhtoga,RU,58.8147,41.0461,42.42,98,100,3.2,light rain
474,Gaspe,CA,48.8334,-64.4819,44.6,76,90,9.22,overcast clouds
475,Harper,LR,4.375,-7.7169,80.98,78,100,6.15,light rain
476,Kudahuvadhoo,MV,2.6708,72.8944,83.3,70,6,2.1,clear sky
477,Pyapon,MM,16.2833,95.6833,81.16,73,100,4.41,overcast clouds
478,Punto Fijo,VE,11.6956,-70.1996,83.64,62,100,8.19,overcast clouds
479,Mahibadhoo,MV,3.7833,72.9667,83.55,66,5,4.34,clear sky
480,Klamath Falls,US,42.2249,-121.7817,72.0,32,1,4.61,clear sky
481,Havoysund,NO,70.9963,24.6622,30.2,80,90,36.82,snow
482,Jumla,NP,29.2747,82.1838,49.41,88,88,3.85,overcast clouds
483,Point Fortin,TT,10.1833,-61.6833,79.0,88,100,4.0,overcast clouds
484,Nipawin,CA,53.3668,-104.0009,62.6,27,90,17.27,overcast clouds
485,Port Pirie,AU,-33.1833,138.0167,59.0,47,100,9.22,overcast clouds
486,Calama,CL,-22.4667,-68.9333,68.0,13,0,20.71,clear sky
487,San Pedro,PH,14.35,121.0167,82.4,74,40,4.61,scattered clouds
488,Along,IN,28.1667,94.7667,71.2,52,100,2.04,overcast clouds
489,Koutsouras,GR,35.0339,25.9469,70.95,48,18,2.35,few clouds
490,San Buenaventura,MX,27.0833,-101.5333,68.0,64,75,4.61,broken clouds
491,Hovd,MN,48.0056,91.6419,60.58,29,100,10.36,overcast clouds
492,Comodoro Rivadavia,AR,-45.8667,-67.5,68.0,45,0,10.36,clear sky
493,Rio Grande,BR,-32.035,-52.0986,75.2,64,0,13.8,clear sky
494,Ekhabi,RU,53.5102,142.9671,30.27,88,100,7.07,overcast clouds
495,Gamba,GA,-2.65,10.0,78.85,86,100,5.32,overcast clouds
496,Mehamn,NO,71.0357,27.8492,30.2,80,20,1.14,light snow
497,Mount Gambier,AU,-37.8333,140.7667,59.0,47,100,9.22,overcast clouds
498,Orlik,RU,52.5178,99.825,34.86,98,100,1.72,light snow
499,Guatire,VE,10.4762,-66.5427,84.2,70,75,6.91,broken clouds
500,Sankheda,IN,22.1667,73.5833,88.63,38,98,11.54,overcast clouds
501,Lewiston,US,44.1003,-70.2148,52.0,93,90,4.61,moderate rain
502,Nichinan,JP,31.6,131.3667,60.01,72,34,4.0,scattered clouds
503,Viedma,AR,-40.8135,-62.9967,79.03,29,88,17.78,overcast clouds
504,Lakes Entrance,AU,-37.8811,147.981,54.01,64,0,4.79,clear sky
505,Kidal,ML,18.4411,1.4078,98.49,6,86,10.13,overcast clouds
506,Kamyshlov,RU,56.8428,62.7111,36.88,48,0,6.58,clear sky
507,Kendari,ID,-3.945,122.4989,74.93,83,51,1.39,broken clouds
508,Udachnyy,RU,66.4167,112.4,26.02,99,100,3.91,overcast clouds
509,Kourou,GF,5.1552,-52.6478,82.4,78,75,8.05,light rain
510,Pampas,PE,-12.4,-74.9,58.6,51,82,6.15,broken clouds
511,Usinsk,RU,65.9939,57.5281,34.11,70,28,8.72,scattered clouds
512,Treinta Y Tres,UY,-33.2333,-54.3833,71.04,55,4,6.76,clear sky
513,Ust-Karsk,RU,52.7011,118.8077,30.88,94,12,2.73,few clouds
514,Kloulklubed,PW,7.0419,134.2556,78.8,94,75,12.82,broken clouds
515,San Policarpo,PH,12.1791,125.5072,78.6,75,100,2.93,overcast clouds
516,Amapa,BR,1.0,-52.0,74.59,95,100,4.94,overcast clouds
517,Mindelo,CV,16.8901,-24.9804,75.2,60,20,23.02,few clouds
518,Bontang,ID,0.1333,117.5,79.21,84,100,6.15,overcast clouds
519,Evanston,US,42.0411,-87.6901,51.8,46,20,18.41,few clouds
520,Sao Pedro Do Sul,BR,-29.6206,-54.1789,82.4,30,0,6.91,clear sky
521,Aripuana,BR,-9.1667,-60.6333,83.98,69,98,1.57,overcast clouds
522,Hvolsvollur,IS,63.7533,-20.2243,44.6,57,75,13.8,haze
523,Galia,BR,-22.2914,-49.5528,80.6,47,40,16.11,scattered clouds
524,Petawawa,CA,45.9001,-77.3328,33.8,86,90,12.66,snow
525,San Rafael,AR,-34.6177,-68.3301,73.81,35,100,13.85,overcast clouds
526,Ostrovnoy,RU,68.0531,39.5131,23.9,87,100,8.32,overcast clouds
527,Camacupa,AO,-12.0167,17.4833,62.82,92,62,1.92,light rain
528,Kaitong,CN,44.8135,123.15,45.12,28,99,7.16,overcast clouds
529,Banjar,ID,-8.19,114.9675,78.8,94,20,4.61,few clouds
530,Cabo San Lucas,MX,22.8909,-109.9124,88.0,34,1,11.5,clear sky
531,Kant,IN,27.8,79.8,88.84,19,0,6.64,clear sky
532,Surt,LY,31.2089,16.5887,89.31,18,74,14.43,broken clouds
533,Zhongshu,CN,24.5167,103.7667,58.21,96,100,3.0,light rain
534,Atar,MR,20.5169,-13.0499,87.8,42,0,9.51,clear sky
535,Port Lincoln,AU,-34.7333,135.8667,67.59,40,100,12.21,light rain
536,Plock,PL,52.5468,19.7064,44.6,87,0,5.75,clear sky
537,Tecoanapa,MX,16.5167,-98.75,86.83,60,6,12.57,clear sky
538,Leningradskiy,RU,69.3833,178.4167,16.03,86,100,20.83,overcast clouds
539,Paamiut,GL,61.994,-49.6678,37.54,82,0,6.31,clear sky
540,Lashio,MM,22.9333,97.75,66.7,90,100,1.97,overcast clouds
541,Marrakesh,MA,31.6315,-8.0083,59.0,63,75,1.14,broken clouds
542,Saint-Sauveur-Des-Monts,CA,45.9001,-74.1659,53.6,82,90,4.61,overcast clouds
543,Sierra Vista,US,31.5545,-110.3037,75.0,20,1,10.36,clear sky
544,Winona,US,43.9666,-91.7668,60.01,33,1,5.82,clear sky
545,Noumea,NC,-22.2763,166.4572,75.0,73,0,10.71,clear sky
546,Mecca,SA,21.4267,39.8261,86.25,52,100,7.23,overcast clouds
547,Raton,US,36.9034,-104.4391,72.0,16,1,3.44,clear sky
548,Yuzhnyy,RU,53.2542,83.6936,44.6,42,0,8.95,clear sky
549,Zwedru,LR,6.0667,-8.1281,76.14,92,99,4.03,moderate rain
550,Wanaka,NZ,-44.7,169.15,43.56,87,30,1.23,scattered clouds
551,Tezu,IN,27.9167,96.1667,75.67,46,100,3.74,overcast clouds
552,Prince George,CA,53.9166,-122.753,57.0,41,1,10.36,clear sky
553,Poronaysk,RU,49.2167,143.1167,34.47,87,100,23.53,light snow
554,Takoradi,GH,4.8845,-1.7554,82.42,76,25,8.34,scattered clouds
555,Bandundu,CD,-3.3167,17.3667,74.97,92,100,4.14,moderate rain
556,Tromso,NO,69.6496,18.957,26.01,86,75,3.44,light snow
557,Beberibe,BR,-4.1797,-38.1306,86.0,66,40,12.66,scattered clouds
558,Ayan,RU,56.45,138.1667,30.2,97,100,14.58,light snow
559,Dudinka,RU,69.4058,86.1778,15.53,97,61,6.06,broken clouds
560,Snasa,NO,64.2457,12.3778,39.2,60,75,4.61,broken clouds
561,Nagaur,IN,27.2,73.7333,85.15,29,77,8.1,broken clouds
562,Inhambane,MZ,-23.865,35.3833,77.0,88,20,4.61,few clouds
563,Heihe,CN,50.2441,127.4902,37.4,70,40,8.95,scattered clouds
564,Avon Park,US,27.5959,-81.5062,91.0,45,75,8.05,broken clouds
565,Provideniya,RU,64.3833,-173.3,27.91,64,100,1.74,overcast clouds
566,Gambela,ET,8.25,34.5833,75.33,78,100,2.64,overcast clouds
567,Bowen,AU,-20.0167,148.2333,64.4,94,80,6.91,broken clouds
568,Nerchinskiy Zavod,RU,51.3088,119.61,30.97,94,72,4.9,broken clouds
569,Manohar Thana,IN,24.24,76.8018,89.15,21,51,10.09,broken clouds
570,Garden City,US,42.3256,-83.331,57.99,35,40,20.71,scattered clouds
571,Huangchuan,CN,32.1272,115.0394,59.74,72,0,9.89,light rain
572,Alice Springs,AU,-23.7,133.8833,50.0,53,7,4.61,clear sky
573,Beidao,CN,34.5686,105.8933,58.51,40,0,3.02,clear sky
574,Yellapur,IN,14.9667,74.7167,73.62,86,1,2.26,clear sky
575,Tiznit,MA,29.5833,-9.5,57.72,59,16,13.49,few clouds
576,Sayat,TM,38.7839,63.8803,73.4,40,0,16.11,clear sky
577,Lethem,GY,3.3803,-59.7968,89.04,52,42,6.29,scattered clouds
578,Dhanaula,IN,30.2833,75.5833,84.13,28,99,6.42,overcast clouds
579,Haimen,CN,23.1935,116.6142,69.8,88,94,4.7,overcast clouds
580,Oktyabrskiy,RU,54.4815,53.471,44.51,61,34,6.73,scattered clouds
581,Rio Gallegos,AR,-51.6226,-69.2181,46.4,81,20,8.05,few clouds
582,Port Washington,US,40.8257,-73.6982,63.0,59,75,20.71,broken clouds
583,Bisira,PA,8.5196,-81.7115,65.62,80,100,2.57,overcast clouds
584,Danville,US,36.586,-79.395,77.0,27,1,14.97,clear sky
585,Santa Cruz,BO,-17.8,-63.1667,82.4,39,0,3.44,clear sky
586,Ust-Kulom,RU,61.6864,53.6902,35.33,74,99,8.37,overcast clouds
587,Inverness,GB,57.4791,-4.224,45.0,81,40,5.75,light rain
588,Laguna,US,38.421,-121.4238,81.0,27,75,4.03,broken clouds
589,Verkhnyaya Inta,RU,65.9811,60.3094,28.9,72,32,10.45,scattered clouds
590,Narayangarh,IN,30.4833,77.1333,83.93,26,36,6.71,scattered clouds
591,Saurimo,AO,-9.6608,20.3916,66.9,92,100,3.74,light rain
592,Palmerston,AU,-12.486,130.9833,73.4,88,1,4.61,clear sky
593,Peschanokopskoye,RU,46.1961,41.0775,55.72,93,1,9.53,clear sky
594,Mattru,SL,7.6244,-11.8332,81.82,74,98,7.18,light rain
595,Campina Verde,BR,-19.5356,-49.4864,83.88,38,100,9.51,overcast clouds
596,Taoudenni,ML,22.6783,-3.9836,85.44,35,100,2.44,overcast clouds
597,Yanam,IN,16.7333,82.2167,77.5,81,2,3.49,clear sky
598,Bure,ET,10.7,37.0667,61.29,80,74,3.29,light rain
599,Biggar,GB,55.6167,-3.5167,45.0,70,75,9.22,broken clouds
600,Constitucion,CL,-35.3333,-72.4167,59.14,79,100,11.16,overcast clouds
601,Christchurch,NZ,-43.5333,172.6333,50.0,93,90,6.91,overcast clouds
602,Mendeleyevo,RU,56.0333,37.2167,50.0,93,40,11.18,light rain
603,Sheridan,US,44.8333,-106.9173,82.0,19,1,3.04,clear sky
604,Aasiaat,GL,68.7098,-52.8699,34.03,76,100,6.53,overcast clouds
605,Tanout,NE,14.9709,8.8879,89.44,5,0,10.31,clear sky
606,Clinton,US,42.587,-82.9199,55.99,28,40,21.85,scattered clouds
607,Hirara,JP,24.8,125.2833,74.23,90,100,14.56,overcast clouds
608,Cantagallo,CO,7.376,-73.9196,82.31,72,100,4.09,overcast clouds
609,Gararu,BR,-9.9675,-37.0833,84.04,58,42,14.32,scattered clouds
610,Zasheyek,RU,67.4066,32.5499,20.79,87,71,3.27,broken clouds
611,Outjo,NA,-20.1167,16.15,69.94,32,16,7.63,few clouds
612,Nome,US,64.5011,-165.4064,23.0,63,1,5.44,clear sky
613,Ust-Barguzin,RU,53.45,108.9833,29.37,81,100,3.06,overcast clouds
614,Tyrma,RU,50.0833,132.1667,33.26,86,73,2.84,broken clouds
615,Ampanihy,MG,-24.7,44.75,71.1,75,3,6.33,clear sky
616,Nanakuli,US,21.3906,-158.1547,78.8,61,75,8.05,broken clouds
617,Polovinnoye,RU,54.7914,65.9864,40.82,56,0,10.29,clear sky
618,Miri,MY,4.4148,114.0089,77.0,94,40,3.44,scattered clouds
619,Marawi,PH,7.9986,124.2928,75.99,89,87,5.01,overcast clouds
620,Chau Doc,VN,10.7,105.1167,80.01,77,37,4.61,scattered clouds
621,Amahai,ID,-3.3333,128.9167,78.85,81,99,2.64,overcast clouds
622,Vieste,IT,41.8825,16.175,60.8,82,0,5.75,clear sky
623,Lumphat,KH,13.4878,106.9816,75.92,85,20,3.71,few clouds
624,Puerto Carreno,CO,6.189,-67.4859,80.91,70,99,4.23,overcast clouds
625,Kendallville,US,41.4414,-85.265,55.99,58,75,17.27,broken clouds
626,Nizwa,OM,22.9333,57.5333,75.45,49,13,3.13,few clouds
627,Aklavik,CA,68.2191,-135.0107,28.4,74,100,6.91,overcast clouds
628,Songea,TZ,-10.6833,35.65,69.8,88,20,5.75,few clouds
629,Poltavka,RU,54.3663,71.7632,44.13,70,43,12.68,light rain
630,Pasighat,IN,28.0667,95.3333,77.45,45,100,3.51,overcast clouds
631,Minab,IR,27.1467,57.0801,78.8,53,75,11.5,broken clouds
632,Ambon,ID,-3.6954,128.1814,81.32,76,96,3.18,overcast clouds
633,Singaraja,ID,-8.112,115.0882,78.24,81,15,3.22,few clouds
634,Nouadhibou,MR,20.931,-17.0347,71.6,78,0,19.57,clear sky
635,Navirai,BR,-23.065,-54.1906,82.69,22,0,5.06,clear sky
636,Uyaan,PH,7.8631,124.0411,63.57,94,91,2.42,overcast clouds
637,Madera,US,37.1666,-119.8343,81.0,29,80,1.01,broken clouds
638,Fort Nelson,CA,58.8053,-122.7002,57.2,28,75,21.85,broken clouds
639,Les Cayes,HT,18.2,-73.75,83.32,63,43,7.02,scattered clouds
640,Okhotsk,RU,59.3833,143.3,30.16,81,100,4.97,overcast clouds
641,Dibulla,CO,11.2725,-73.3091,79.29,78,82,5.12,broken clouds
642,Neon Karlovasion,GR,37.7903,26.7044,68.0,68,0,3.02,clear sky
643,Boma,GH,7.0805,-2.1697,81.1,65,100,2.26,overcast clouds
644,Quatre Cocos,MU,-20.2078,57.7625,78.8,78,40,14.97,scattered clouds
645,Chumikan,RU,54.7183,135.315,28.17,97,99,8.34,light snow
646,Peniche,PT,39.3558,-9.3811,59.0,66,29,11.01,scattered clouds
647,Linkoping,SE,58.4109,15.6216,44.6,36,1,5.75,clear sky
648,Kiunga,PG,-6.1219,141.2906,71.47,99,100,1.14,overcast clouds
649,Simoes,BR,-7.5989,-40.8178,87.37,36,91,9.82,overcast clouds
650,Turka,UA,49.1541,23.0297,54.0,79,97,2.24,overcast clouds
651,Wenchi,GH,7.7392,-2.1046,84.27,50,100,4.27,overcast clouds
652,Walvis Bay,NA,-22.9575,14.5053,60.8,72,0,4.61,clear sky
653,Moindou,NC,-21.6924,165.677,68.0,73,0,4.12,clear sky
654,Dangriga,BZ,16.9692,-88.2321,87.8,70,40,12.66,scattered clouds
655,Mandan,US,46.8267,-100.8896,66.2,29,1,25.32,clear sky
656,Naron,ES,43.5167,-8.1528,54.0,76,20,9.22,few clouds
657,Arona,ES,28.0996,-16.681,71.6,53,75,12.66,broken clouds
658,Yokadouma,CM,3.5167,15.05,70.54,81,96,1.81,overcast clouds
659,Talara,PE,-4.5772,-81.2719,82.4,57,0,18.41,clear sky
660,Kahului,US,20.8947,-156.47,75.2,100,75,16.11,light rain
661,Zonguldak,TR,41.25,31.8333,56.39,84,5,4.34,clear sky
662,Kontagora,NG,10.3999,5.4695,92.19,26,9,2.51,clear sky
663,Sukumo,JP,32.9333,132.7333,57.61,69,100,2.53,overcast clouds
664,Nueva Helvecia,UY,-34.3,-57.2333,73.99,46,5,6.85,light rain
665,Saint-Pierre,RE,-21.3393,55.4781,75.2,83,0,5.75,clear sky
666,Okha,RU,53.5739,142.9478,30.43,88,100,7.29,overcast clouds
667,Riorges,FR,46.0418,4.0497,50.0,71,90,5.75,overcast clouds
668,Salinas,US,36.6777,-121.6555,69.8,46,1,10.36,clear sky
669,Gelemso,ET,8.8167,40.5167,60.3,92,100,0.27,light rain
670,Thaba Nchu,ZA,-29.2093,26.839,50.0,76,0,12.66,clear sky
671,Santa Fe,AR,-31.6333,-60.7,78.01,41,0,7.0,clear sky
672,Coihaique,CL,-45.5752,-72.0662,57.2,62,75,4.61,broken clouds
673,Nago,JP,26.5881,127.9761,71.6,83,1,4.61,clear sky
674,Mehran,IR,33.1222,46.1646,64.4,34,0,4.61,clear sky
675,Salekhard,RU,66.53,66.6019,12.88,92,99,3.62,overcast clouds
